douban_url,name,poster,rank,score,score_num,year
https://movie.douban.com/subject/1889243/,星际穿越,https://img1.doubanio.com/view/photo/s_ratio_poster/public/p2614988097.jpg,10,9.4,1611642,2014
https://movie.douban.com/subject/1292052/,肖申克的救赎,https://img2.doubanio.com/view/photo/s_ratio_poster/public/p480747492.jpg,1,9.7,2660834,1994
https://movie.douban.com/subject/3011091/,忠犬八公的故事,https://img3.doubanio.com/view/photo/s_ratio_poster/public/p2587099240.jpg,11,9.4,1307575,2009
https://movie.douban.com/subject/1291561/,千与千寻,https://img1.doubanio.com/view/photo/s_ratio_poster/public/p2557573348.jpg,7,9.4,2075386,2001
https://movie.douban.com/subject/1295124/,辛德勒的名单,https://img2.doubanio.com/view/photo/s_ratio_poster/public/p492406163.jpg,8,9.6,1024468,1993
https://movie.douban.com/subject/1292064/,楚门的世界,https://img2.doubanio.com/view/photo/s_ratio_poster/public/p479682972.jpg,12,9.3,1532684,1998
https://movie.douban.com/subject/1292063/,美丽人生,https://img2.doubanio.com/view/photo/s_ratio_poster/public/p2578474613.jpg,6,9.6,1228007,1997
https://movie.douban.com/subject/1292722/,泰坦尼克号,https://img9.doubanio.com/view/photo/s_ratio_poster/public/p457760035.jpg,4,9.4,1958873,1997
https://movie.douban.com/subject/1291546/,霸王别姬,https://img3.doubanio.com/view/photo/s_ratio_poster/public/p2561716440.jpg,2,9.6,1975406,1993
https://movie.douban.com/subject/1292720/,阿甘正传,https://img2.doubanio.com/view/photo/s_ratio_poster/public/p2372307693.jpg,3,9.5,1999153,1994
https://movie.douban.com/subject/6786002/,触不可及,https://img9.doubanio.com/view/photo/s_ratio_poster/public/p1454261925.jpg,24,9.3,995871,2011
https://movie.douban.com/subject/3319755/,怦然心动,https://img1.doubanio.com/view/photo/s_ratio_poster/public/p501177648.jpg,25,9.1,1695072,2010
https://movie.douban.com/subject/1849031/,当幸福来敲门,https://img9.doubanio.com/view/photo/s_ratio_poster/public/p2614359276.jpg,23,9.2,1411712,2006
https://movie.douban.com/subject/1296141/,控方证人,https://img1.doubanio.com/view/photo/s_ratio_poster/public/p1505392928.jpg,21,9.6,476935,1957
https://movie.douban.com/subject/25662329/,疯狂动物城,https://img1.doubanio.com/view/photo/s_ratio_poster/public/p2614500649.jpg,18,9.2,1755112,2016
https://movie.douban.com/subject/1291841/,教父,https://img9.doubanio.com/view/photo/s_ratio_poster/public/p616779645.jpg,22,9.3,884608,1972
https://movie.douban.com/subject/1307914/,无间道,https://img2.doubanio.com/view/photo/s_ratio_poster/public/p2564556863.jpg,17,9.3,1236131,2002
https://movie.douban.com/subject/1291549/,放牛班的春天,https://img2.doubanio.com/view/photo/s_ratio_poster/public/p1910824951.jpg,16,9.3,1210222,2004
https://movie.douban.com/subject/1298624/,闻香识女人,https://img1.doubanio.com/view/photo/s_ratio_poster/public/p2550757929.jpg,48,9.1,807386,1992
https://movie.douban.com/subject/1291572/,指环王2：双塔奇兵,https://img9.doubanio.com/view/photo/s_ratio_poster/public/p2640236255.jpg,49,9.2,691236,2002
https://movie.douban.com/subject/3742360/,让子弹飞,https://img1.doubanio.com/view/photo/s_ratio_poster/public/p1512562287.jpg,46,8.9,1549136,2010
https://movie.douban.com/subject/1296736/,钢琴家,https://img2.doubanio.com/view/photo/s_ratio_poster/public/p792376093.jpg,47,9.3,562719,2002
https://movie.douban.com/subject/1291583/,天空之城,https://img1.doubanio.com/view/photo/s_ratio_poster/public/p1446261379.jpg,45,9.1,761119,1986
https://movie.douban.com/subject/3541415/,盗梦空间,https://img9.doubanio.com/view/photo/s_ratio_poster/public/p513344864.jpg,9,9.4,1914138,2010
https://movie.douban.com/subject/1305487/,猫鼠游戏,https://img2.doubanio.com/view/photo/s_ratio_poster/public/p453924541.jpg,43,9.1,908306,2002
https://movie.douban.com/subject/1299398/,大话西游之月光宝盒,https://img2.doubanio.com/view/photo/s_ratio_poster/public/p2561721372.jpg,44,9.0,1133307,1995
https://movie.douban.com/subject/1291858/,鬼子来了,https://img1.doubanio.com/view/photo/s_ratio_poster/public/p2553104888.jpg,42,9.3,573765,2000
https://movie.douban.com/subject/1652587/,阿凡达,https://img2.doubanio.com/view/photo/s_ratio_poster/public/p2634997853.jpg,75,8.8,1282301,2009
https://movie.douban.com/subject/1929463/,少年派的奇幻漂流,https://img2.doubanio.com/view/photo/s_ratio_poster/public/p1784592701.jpg,41,9.1,1261181,2012
https://movie.douban.com/subject/5912992/,熔炉,https://img9.doubanio.com/view/photo/s_ratio_poster/public/p1363250216.jpg,20,9.3,865782,2011
https://movie.douban.com/subject/1292224/,飞越疯人院,https://img1.doubanio.com/view/photo/s_ratio_poster/public/p792238287.jpg,73,9.1,514284,1975
https://movie.douban.com/subject/1292213/,大话西游之大圣娶亲,https://img9.doubanio.com/view/photo/s_ratio_poster/public/p2455050536.jpg,19,9.2,1421680,1995
https://movie.douban.com/subject/1291828/,天堂电影院,https://img3.doubanio.com/view/photo/s_ratio_poster/public/p2653054340.jpg,50,9.2,637508,1988
https://movie.douban.com/subject/1292849/,拯救大兵瑞恩,https://img9.doubanio.com/view/photo/s_ratio_poster/public/p1014542496.jpg,72,9.1,598700,1998
https://movie.douban.com/subject/1292402/,西西里的美丽传说,https://img1.doubanio.com/view/photo/s_ratio_poster/public/p2441988159.jpg,69,8.9,903447,2000
https://movie.douban.com/subject/26580232/,看不见的客人,https://img9.doubanio.com/view/photo/s_ratio_poster/public/p2498971355.jpg,70,8.8,1153403,2016
https://movie.douban.com/subject/1294408/,音乐之声,https://img1.doubanio.com/view/photo/s_ratio_poster/public/p453788577.jpg,71,9.1,554519,1965
https://movie.douban.com/subject/1293350/,两杆大烟枪,https://img1.doubanio.com/view/photo/s_ratio_poster/public/p792443418.jpg,68,9.1,554691,1998
https://movie.douban.com/subject/3008247/,穿条纹睡衣的男孩,https://img2.doubanio.com/view/photo/s_ratio_poster/public/p1473670352.jpg,66,9.2,507618,2008
https://movie.douban.com/subject/1292220/,情书,https://img3.doubanio.com/view/photo/s_ratio_poster/public/p2648230660.jpg,67,8.9,1001478,1995
https://movie.douban.com/subject/26799731/,请以你的名字呼唤我,https://img3.doubanio.com/view/photo/s_ratio_poster/public/p2505525050.jpg,99,8.9,658522,2017
https://movie.douban.com/subject/1303021/,小鞋子,https://img9.doubanio.com/view/photo/s_ratio_poster/public/p2165511465.jpg,74,9.2,377152,1997
https://movie.douban.com/subject/10777687/,7号房的礼物,https://img9.doubanio.com/view/photo/s_ratio_poster/public/p1816276065.jpg,100,8.9,510344,2013
https://movie.douban.com/subject/1865703/,红辣椒,https://img3.doubanio.com/view/photo/s_ratio_poster/public/p456825720.jpg,96,9.1,413274,2006
https://movie.douban.com/subject/1300299/,杀人回忆,https://img3.doubanio.com/view/photo/s_ratio_poster/public/p1633113220.jpg,94,8.9,644497,2003
https://movie.douban.com/subject/1291544/,哈利·波特与阿兹卡班的囚徒,https://img1.doubanio.com/view/photo/s_ratio_poster/public/p1910812549.jpg,93,8.9,642640,2004
https://movie.douban.com/subject/5322596/,超脱,https://img2.doubanio.com/view/photo/s_ratio_poster/public/p1305562621.jpg,92,9.0,515197,2011
https://movie.douban.com/subject/1295644/,这个杀手不太冷,https://img2.doubanio.com/view/photo/s_ratio_poster/public/p511118051.jpg,5,9.4,2146037,1994
https://movie.douban.com/subject/1298070/,加勒比海盗,https://img9.doubanio.com/view/photo/s_ratio_poster/public/p1596085504.jpg,95,8.8,796915,2003
https://movie.douban.com/subject/1297192/,致命ID,https://img9.doubanio.com/view/photo/s_ratio_poster/public/p2558364386.jpg,91,8.8,751648,2003
https://movie.douban.com/subject/6985810/,狩猎,https://img1.doubanio.com/view/photo/s_ratio_poster/public/p1546987967.jpg,98,9.1,354278,2012
https://movie.douban.com/subject/1297447/,倩女幽魂,https://img9.doubanio.com/view/photo/s_ratio_poster/public/p2414157745.jpg,125,8.8,678143,1987
https://movie.douban.com/subject/1305164/,甜蜜蜜,https://img9.doubanio.com/view/photo/s_ratio_poster/public/p2223011274.jpg,123,8.9,485575,1996
https://movie.douban.com/subject/1291543/,功夫,https://img1.doubanio.com/view/photo/s_ratio_poster/public/p2219011938.jpg,90,8.8,1001831,2004
https://movie.douban.com/subject/4202302/,借东西的小人阿莉埃蒂,https://img9.doubanio.com/view/photo/s_ratio_poster/public/p617533616.jpg,122,8.9,507266,2010
https://movie.douban.com/subject/21318488/,消失的爱人,https://img9.doubanio.com/view/photo/s_ratio_poster/public/p2221768894.jpg,121,8.7,855724,2014
https://movie.douban.com/subject/25814707/,小森林 冬春篇,https://img1.doubanio.com/view/photo/s_ratio_poster/public/p2215147728.jpg,124,9.0,352133,2015
https://movie.douban.com/subject/1291990/,爱在日落黄昏时,https://img1.doubanio.com/view/photo/s_ratio_poster/public/p2561542458.jpg,120,8.9,504588,2004
https://movie.douban.com/subject/1292337/,无人知晓,https://img2.doubanio.com/view/photo/s_ratio_poster/public/p661160053.jpg,119,9.1,290154,2004
https://movie.douban.com/subject/1300992/,完美的世界,https://img1.doubanio.com/view/photo/s_ratio_poster/public/p2190556408.jpg,118,9.1,285189,1993
https://movie.douban.com/subject/1291875/,阳光灿烂的日子,https://img9.doubanio.com/view/photo/s_ratio_poster/public/p2564685215.jpg,116,8.9,569677,1994
https://movie.douban.com/subject/11026735/,超能陆战队,https://img2.doubanio.com/view/photo/s_ratio_poster/public/p2614500883.jpg,117,8.7,933556,2014
https://movie.douban.com/subject/1293359/,菊次郎的夏天,https://img9.doubanio.com/view/photo/s_ratio_poster/public/p2620392435.jpg,115,8.9,546557,1999
https://movie.douban.com/subject/25814705/,小森林 夏秋篇,https://img2.doubanio.com/view/photo/s_ratio_poster/public/p2564498893.jpg,114,9.0,394394,2014
https://movie.douban.com/subject/1306861/,我是山姆,https://img9.doubanio.com/view/photo/s_ratio_poster/public/p652417775.jpg,149,9.0,310057,2001
https://movie.douban.com/subject/4920389/,头号玩家,https://img1.doubanio.com/view/photo/s_ratio_poster/public/p2516578307.jpg,150,8.7,1266645,2018
https://movie.douban.com/subject/1307315/,哪吒闹海,https://img9.doubanio.com/view/photo/s_ratio_poster/public/p2532803206.jpg,147,9.1,236143,1979
https://movie.douban.com/subject/1316510/,射雕英雄传之东成西就,https://img9.doubanio.com/view/photo/s_ratio_poster/public/p2609063925.jpg,145,8.7,588539,1993
https://movie.douban.com/subject/21360417/,恐怖直播,https://img1.doubanio.com/view/photo/s_ratio_poster/public/p2054744538.jpg,148,8.7,602508,2013
https://movie.douban.com/subject/6307447/,被解救的姜戈,https://img1.doubanio.com/view/photo/s_ratio_poster/public/p1800813767.jpg,143,8.8,561181,2012
https://movie.douban.com/subject/25986180/,釜山行,https://img1.doubanio.com/view/photo/s_ratio_poster/public/p2360940399.jpg,142,8.6,1101871,2016
https://movie.douban.com/subject/4917726/,阳光姐妹淘,https://img1.doubanio.com/view/photo/s_ratio_poster/public/p1374786017.jpg,144,8.8,560594,2011
https://movie.douban.com/subject/1395091/,未麻的部屋,https://img2.doubanio.com/view/photo/s_ratio_poster/public/p1351050722.jpg,141,9.0,291748,1997
https://movie.douban.com/subject/3287562/,神偷奶爸,https://img1.doubanio.com/view/photo/s_ratio_poster/public/p792776858.jpg,140,8.6,881280,2010
https://movie.douban.com/subject/4268598/,告白,https://img9.doubanio.com/view/photo/s_ratio_poster/public/p689520756.jpg,139,8.8,631681,2010
https://movie.douban.com/subject/1309055/,哈利·波特与火焰杯,https://img9.doubanio.com/view/photo/s_ratio_poster/public/p735391084.jpg,146,8.7,582412,2005
https://movie.douban.com/subject/1291822/,卢旺达饭店,https://img2.doubanio.com/view/photo/s_ratio_poster/public/p470419493.jpg,162,8.9,301683,2004
https://movie.douban.com/subject/1418200/,傲慢与偏见,https://img1.doubanio.com/view/photo/s_ratio_poster/public/p2016401659.jpg,138,8.7,729352,2005
https://movie.douban.com/subject/1295409/,纵横四海,https://img1.doubanio.com/view/photo/s_ratio_poster/public/p2597918718.jpg,172,8.8,387455,1991
https://movie.douban.com/subject/1297574/,英雄本色,https://img1.doubanio.com/view/photo/s_ratio_poster/public/p2504997087.jpg,171,8.6,490916,1986
https://movie.douban.com/subject/25917973/,心迷宫,https://img9.doubanio.com/view/photo/s_ratio_poster/public/p2276780256.jpg,170,8.7,473397,2014
https://movie.douban.com/subject/25895901/,海街日记,https://img1.doubanio.com/view/photo/s_ratio_poster/public/p2603364117.jpg,173,8.8,408351,2015
https://movie.douban.com/subject/1293181/,惊魂记,https://img9.doubanio.com/view/photo/s_ratio_poster/public/p1021883305.jpg,168,9.0,256469,1960
https://movie.douban.com/subject/1291585/,风之谷,https://img2.doubanio.com/view/photo/s_ratio_poster/public/p1917567652.jpg,169,8.9,333542,1984
https://movie.douban.com/subject/1578507/,谍影重重3,https://img1.doubanio.com/view/photo/s_ratio_poster/public/p792223507.jpg,167,8.8,389564,2007
https://movie.douban.com/subject/1297518/,九品芝麻官,https://img3.doubanio.com/view/photo/s_ratio_poster/public/p648370300.jpg,164,8.7,602094,1994
https://movie.douban.com/subject/1292208/,上帝之城,https://img3.doubanio.com/view/photo/s_ratio_poster/public/p455677490.jpg,166,9.0,281670,2002
https://movie.douban.com/subject/1304447/,记忆碎片,https://img2.doubanio.com/view/photo/s_ratio_poster/public/p641688453.jpg,175,8.7,561576,2000
https://movie.douban.com/subject/26683290/,你的名字。,https://img1.doubanio.com/view/photo/s_ratio_poster/public/p2395733377.jpg,163,8.5,1281590,2016
https://movie.douban.com/subject/1867345/,遗愿清单,https://img1.doubanio.com/view/photo/s_ratio_poster/public/p1481879628.jpg,198,8.7,405591,2007
https://movie.douban.com/subject/1307106/,无间道2,https://img3.doubanio.com/view/photo/s_ratio_poster/public/p958008320.jpg,199,8.7,422985,2003
https://movie.douban.com/subject/1907966/,疯狂原始人,https://img1.doubanio.com/view/photo/s_ratio_poster/public/p1867084027.jpg,165,8.7,783098,2013
https://movie.douban.com/subject/1292329/,牯岭街少年杀人事件,https://img9.doubanio.com/view/photo/s_ratio_poster/public/p848381236.jpg,200,8.9,262343,1991
https://movie.douban.com/subject/1309163/,恋恋笔记本,https://img9.doubanio.com/view/photo/s_ratio_poster/public/p483604864.jpg,197,8.6,618637,2004
https://movie.douban.com/subject/1291870/,雨人,https://img2.doubanio.com/view/photo/s_ratio_poster/public/p2353324612.jpg,196,8.7,376965,1988
https://movie.douban.com/subject/1307811/,魔女宅急便,https://img2.doubanio.com/view/photo/s_ratio_poster/public/p456676352.jpg,195,8.7,422368,1989
https://movie.douban.com/subject/4848115/,你看起来好像很好吃,https://img2.doubanio.com/view/photo/s_ratio_poster/public/p709670262.jpg,191,8.9,309543,2010
https://movie.douban.com/subject/1978709/,黑天鹅,https://img9.doubanio.com/view/photo/s_ratio_poster/public/p2549648344.jpg,193,8.6,740633,2010
https://movie.douban.com/subject/3792799/,岁月神偷,https://img2.doubanio.com/view/photo/s_ratio_poster/public/p456666151.jpg,174,8.7,545340,2010
https://movie.douban.com/subject/1293460/,雨中曲,https://img9.doubanio.com/view/photo/s_ratio_poster/public/p1612355875.jpg,190,9.1,200273,1952
https://movie.douban.com/subject/1793929/,达拉斯买家俱乐部,https://img1.doubanio.com/view/photo/s_ratio_poster/public/p2166160837.jpg,161,8.8,420696,2013
https://movie.douban.com/subject/1291578/,冰川时代,https://img1.doubanio.com/view/photo/s_ratio_poster/public/p1910895719.jpg,189,8.6,569705,2002
https://movie.douban.com/subject/1292226/,2001太空漫游,https://img9.doubanio.com/view/photo/s_ratio_poster/public/p2560717825.jpg,194,8.9,287269,1968
https://movie.douban.com/subject/3011051/,恐怖游轮,https://img9.doubanio.com/view/photo/s_ratio_poster/public/p462470694.jpg,192,8.5,776275,2009
https://movie.douban.com/subject/1438652/,无耻混蛋,https://img1.doubanio.com/view/photo/s_ratio_poster/public/p2575043939.jpg,223,8.6,437570,2009
https://movie.douban.com/subject/1292287/,新龙门客栈,https://img1.doubanio.com/view/photo/s_ratio_poster/public/p1421018669.jpg,220,8.7,408060,1992
https://movie.douban.com/subject/3592854/,疯狂的麦克斯4：狂暴之路,https://img2.doubanio.com/view/photo/s_ratio_poster/public/p2236181653.jpg,219,8.6,485780,2015
https://movie.douban.com/subject/1300117/,千钧一发,https://img9.doubanio.com/view/photo/s_ratio_poster/public/p2195672555.jpg,225,8.8,264457,1997
https://movie.douban.com/subject/1428175/,血钻,https://img2.doubanio.com/view/photo/s_ratio_poster/public/p1244017073.jpg,224,8.7,349185,2006
https://movie.douban.com/subject/25724855/,房间,https://img9.doubanio.com/view/photo/s_ratio_poster/public/p2259715855.jpg,221,8.8,349565,2015
https://movie.douban.com/subject/24733428/,心灵奇旅,https://img9.doubanio.com/view/photo/s_ratio_poster/public/p2626308994.jpg,222,8.7,878426,2020
https://movie.douban.com/subject/1303394/,青蛇,https://img2.doubanio.com/view/photo/s_ratio_poster/public/p2570901292.jpg,215,8.6,482507,1993
https://movie.douban.com/subject/1291844/,终结者2：审判日,https://img9.doubanio.com/view/photo/s_ratio_poster/public/p1910909085.jpg,214,8.8,316154,1991
https://movie.douban.com/subject/1291879/,罗生门,https://img2.doubanio.com/view/photo/s_ratio_poster/public/p1598883511.jpg,213,8.8,288507,1950
https://movie.douban.com/subject/5300054/,波西米亚狂想曲,https://img2.doubanio.com/view/photo/s_ratio_poster/public/p2549558913.jpg,216,8.6,552265,2018
https://movie.douban.com/subject/2297265/,浪潮,https://img2.doubanio.com/view/photo/s_ratio_poster/public/p1344888983.jpg,250,8.7,258097,2008
https://movie.douban.com/subject/25921812/,驴得水,https://img2.doubanio.com/view/photo/s_ratio_poster/public/p2393044761.jpg,249,8.3,858721,2016
https://movie.douban.com/subject/26614893/,完美陌生人,https://img9.doubanio.com/view/photo/s_ratio_poster/public/p2522331945.jpg,247,8.5,493423,2016
https://movie.douban.com/subject/5908478/,我爱你,https://img2.doubanio.com/view/photo/s_ratio_poster/public/p824590592.jpg,246,9.1,153472,2011
https://movie.douban.com/subject/3552028/,弱点,https://img2.doubanio.com/view/photo/s_ratio_poster/public/p2577248102.jpg,248,8.7,265700,2009
https://movie.douban.com/subject/1760622/,香水,https://img2.doubanio.com/view/photo/s_ratio_poster/public/p2571500223.jpg,244,8.5,511665,2006
https://movie.douban.com/subject/1307394/,千年女优,https://img9.doubanio.com/view/photo/s_ratio_poster/public/p2215102596.jpg,243,8.8,233112,2001
https://movie.douban.com/subject/2363506/,地球上的星星,https://img1.doubanio.com/view/photo/s_ratio_poster/public/p2197897857.jpg,245,8.9,190991,2007
https://movie.douban.com/subject/1937946/,穿越时空的少女,https://img9.doubanio.com/view/photo/s_ratio_poster/public/p2079334286.jpg,242,8.6,357434,2006
https://movie.douban.com/subject/26787574/,奇迹男孩,https://img1.doubanio.com/view/photo/s_ratio_poster/public/p2507709428.jpg,218,8.6,518672,2017
https://movie.douban.com/subject/3443389/,海洋,https://img9.doubanio.com/view/photo/s_ratio_poster/public/p2559581324.jpg,240,9.1,150294,2009
https://movie.douban.com/subject/1787291/,被嫌弃的松子的一生,https://img9.doubanio.com/view/photo/s_ratio_poster/public/p884763596.jpg,97,8.9,660661,2006
https://movie.douban.com/subject/1304102/,谍影重重,https://img2.doubanio.com/view/photo/s_ratio_poster/public/p1597183981.jpg,238,8.6,393137,2002
https://movie.douban.com/subject/25864085/,火星救援,https://img2.doubanio.com/view/photo/s_ratio_poster/public/p2280097442.jpg,237,8.5,659065,2015
https://movie.douban.com/subject/1305690/,阿飞正传,https://img2.doubanio.com/view/photo/s_ratio_poster/public/p2525770523.jpg,236,8.5,468072,1990
https://movie.douban.com/subject/1291992/,末路狂花,https://img9.doubanio.com/view/photo/s_ratio_poster/public/p1910924635.jpg,235,8.9,217382,1991
https://movie.douban.com/subject/1308767/,谍影重重2,https://img9.doubanio.com/view/photo/s_ratio_poster/public/p667644866.jpg,233,8.7,326839,2004
https://movie.douban.com/subject/1419936/,战争之王,https://img2.doubanio.com/view/photo/s_ratio_poster/public/p792282381.jpg,231,8.7,336296,2005
https://movie.douban.com/subject/1959877/,崖上的波妞,https://img1.doubanio.com/view/photo/s_ratio_poster/public/p2627847859.jpg,230,8.6,443190,2008
https://movie.douban.com/subject/25934014/,爱乐之城,https://img9.doubanio.com/view/photo/s_ratio_poster/public/p2395517414.jpg,232,8.4,806205,2016
https://movie.douban.com/subject/25807345/,彗星来的那一夜,https://img9.doubanio.com/view/photo/s_ratio_poster/public/p2187896734.jpg,229,8.5,516681,2013
https://movie.douban.com/subject/1304141/,黑客帝国2：重装上阵,https://img3.doubanio.com/view/photo/s_ratio_poster/public/p443461390.jpg,228,8.7,376272,2003
https://movie.douban.com/subject/2222996/,步履不停,https://img1.doubanio.com/view/photo/s_ratio_poster/public/p2375245718.jpg,227,8.8,256139,2008
https://movie.douban.com/subject/1293964/,魂断蓝桥,https://img1.doubanio.com/view/photo/s_ratio_poster/public/p2351134499.jpg,226,8.8,256581,1940
https://movie.douban.com/subject/26430107/,二十二,https://img1.doubanio.com/view/photo/s_ratio_poster/public/p2457609817.jpg,217,8.7,275917,2015
https://movie.douban.com/subject/4739952/,初恋这件小事,https://img2.doubanio.com/view/photo/s_ratio_poster/public/p1505312273.jpg,210,8.5,927405,2010
https://movie.douban.com/subject/1296909/,虎口脱险,https://img2.doubanio.com/view/photo/s_ratio_poster/public/p2399597512.jpg,209,8.9,232723,1966
https://movie.douban.com/subject/1295865/,燃情岁月,https://img9.doubanio.com/view/photo/s_ratio_poster/public/p2797313535.jpg,234,8.8,267555,1994
https://movie.douban.com/subject/1302827/,人工智能,https://img1.doubanio.com/view/photo/s_ratio_poster/public/p792257137.jpg,211,8.7,410161,2001
https://movie.douban.com/subject/2213597/,朗读者,https://img1.doubanio.com/view/photo/s_ratio_poster/public/p1140984198.jpg,241,8.6,430098,2008
https://movie.douban.com/subject/1293908/,城市之光,https://img1.doubanio.com/view/photo/s_ratio_poster/public/p2170238828.jpg,203,9.3,131268,1931
https://movie.douban.com/subject/3075287/,源代码,https://img9.doubanio.com/view/photo/s_ratio_poster/public/p988260245.jpg,207,8.5,778156,2011
https://movie.douban.com/subject/1293318/,萤火虫之墓,https://img1.doubanio.com/view/photo/s_ratio_poster/public/p2237136718.jpg,205,8.7,383392,1988
https://movie.douban.com/subject/1307856/,背靠背，脸对脸,https://img1.doubanio.com/view/photo/s_ratio_poster/public/p2505048077.jpg,204,9.5,107615,1994
https://movie.douban.com/subject/1310177/,东京教父,https://img1.doubanio.com/view/photo/s_ratio_poster/public/p456703618.jpg,208,9.0,193238,2003
https://movie.douban.com/subject/1308857/,可可西里,https://img9.doubanio.com/view/photo/s_ratio_poster/public/p2363208684.jpg,202,8.9,278312,2004
https://movie.douban.com/subject/27059130/,大佛普拉斯,https://img2.doubanio.com/view/photo/s_ratio_poster/public/p2505928032.jpg,201,8.7,406845,2017
https://movie.douban.com/subject/1461403/,茶馆,https://img9.doubanio.com/view/photo/s_ratio_poster/public/p2528965424.jpg,188,9.5,108793,1982
https://movie.douban.com/subject/27119724/,小丑,https://img9.doubanio.com/view/photo/s_ratio_poster/public/p2567198874.jpg,206,8.7,928646,2019
https://movie.douban.com/subject/1862151/,疯狂的石头,https://img2.doubanio.com/view/photo/s_ratio_poster/public/p712241453.jpg,187,8.5,752295,2006
https://movie.douban.com/subject/1292328/,东邪西毒,https://img2.doubanio.com/view/photo/s_ratio_poster/public/p1982176012.jpg,185,8.6,538008,1994
https://movie.douban.com/subject/1292401/,真爱至上,https://img3.doubanio.com/view/photo/s_ratio_poster/public/p475600770.jpg,186,8.6,678036,2003
https://movie.douban.com/subject/2209573/,贫民窟的百万富翁,https://img3.doubanio.com/view/photo/s_ratio_poster/public/p2434249040.jpg,183,8.6,699521,2008
https://movie.douban.com/subject/6534248/,无敌破坏王,https://img9.doubanio.com/view/photo/s_ratio_poster/public/p1735642656.jpg,184,8.7,494291,2012
https://movie.douban.com/subject/25773932/,爆裂鼓手,https://img2.doubanio.com/view/photo/s_ratio_poster/public/p2220776342.jpg,181,8.7,534813,2014
https://movie.douban.com/subject/1300374/,绿里奇迹,https://img2.doubanio.com/view/photo/s_ratio_poster/public/p767586451.jpg,179,8.9,295275,1999
https://movie.douban.com/subject/27622447/,小偷家族,https://img9.doubanio.com/view/photo/s_ratio_poster/public/p2530599636.jpg,182,8.7,762474,2018
https://movie.douban.com/subject/1828115/,色，戒,https://img9.doubanio.com/view/photo/s_ratio_poster/public/p453716305.jpg,180,8.6,694724,2007
https://movie.douban.com/subject/24750126/,荒蛮故事,https://img2.doubanio.com/view/photo/s_ratio_poster/public/p2584519452.jpg,178,8.8,407979,2014
https://movie.douban.com/subject/10808442/,爱在午夜降临前,https://img1.doubanio.com/view/photo/s_ratio_poster/public/p2074715729.jpg,177,8.9,356273,2013
https://movie.douban.com/subject/25980443/,海边的曼彻斯特,https://img9.doubanio.com/view/photo/s_ratio_poster/public/p2421855655.jpg,212,8.6,467460,2016
https://movie.douban.com/subject/1417598/,电锯惊魂,https://img9.doubanio.com/view/photo/s_ratio_poster/public/p726839485.jpg,159,8.7,486904,2004
https://movie.douban.com/subject/1959195/,忠犬八公物语,https://img9.doubanio.com/view/photo/s_ratio_poster/public/p2603716224.jpg,176,9.2,178115,1987
https://movie.douban.com/subject/10533913/,头脑特工队,https://img9.doubanio.com/view/photo/s_ratio_poster/public/p2266293606.jpg,158,8.8,558219,2015
https://movie.douban.com/subject/26611804/,三块广告牌,https://img1.doubanio.com/view/photo/s_ratio_poster/public/p2510081688.jpg,160,8.7,764775,2017
https://movie.douban.com/subject/1295399/,七武士,https://img9.doubanio.com/view/photo/s_ratio_poster/public/p2215886505.jpg,155,9.3,180202,1954
https://movie.douban.com/subject/1291557/,花样年华,https://img9.doubanio.com/view/photo/s_ratio_poster/public/p1910828286.jpg,156,8.7,548105,2000
https://movie.douban.com/subject/10463953/,模仿游戏,https://img2.doubanio.com/view/photo/s_ratio_poster/public/p2255040492.jpg,153,8.8,592399,2014
https://movie.douban.com/subject/1302467/,黑客帝国3：矩阵革命,https://img1.doubanio.com/view/photo/s_ratio_poster/public/p443461818.jpg,157,8.8,415519,2003
https://movie.douban.com/subject/1303037/,喜宴,https://img1.doubanio.com/view/photo/s_ratio_poster/public/p2249048907.jpg,154,9.0,324263,1993
https://movie.douban.com/subject/10437779/,新世界,https://img1.doubanio.com/view/photo/s_ratio_poster/public/p1903379979.jpg,152,8.9,368694,2013
https://movie.douban.com/subject/26325320/,血战钢锯岭,https://img1.doubanio.com/view/photo/s_ratio_poster/public/p2398141939.jpg,151,8.7,732760,2016
https://movie.douban.com/subject/1291545/,大鱼,https://img9.doubanio.com/view/photo/s_ratio_poster/public/p692813374.jpg,137,8.8,530400,2003
https://movie.douban.com/subject/26628357/,一个叫欧维的男人决定去死,https://img2.doubanio.com/view/photo/s_ratio_poster/public/p2406624993.jpg,134,8.9,420745,2015
https://movie.douban.com/subject/1858711/,玩具总动员3,https://img1.doubanio.com/view/photo/s_ratio_poster/public/p1283675359.jpg,136,8.9,471098,2010
https://movie.douban.com/subject/3072124/,玛丽和马克思,https://img9.doubanio.com/view/photo/s_ratio_poster/public/p488255145.jpg,132,8.9,400341,2009
https://movie.douban.com/subject/1294240/,教父3,https://img2.doubanio.com/view/photo/s_ratio_poster/public/p2169664351.jpg,133,9.0,338262,1990
https://movie.douban.com/subject/5989818/,萤火之森,https://img2.doubanio.com/view/photo/s_ratio_poster/public/p1675053073.jpg,130,8.9,487665,2011
https://movie.douban.com/subject/1291579/,怪兽电力公司,https://img1.doubanio.com/view/photo/s_ratio_poster/public/p2513247938.jpg,131,8.8,612754,2001
https://movie.douban.com/subject/2353023/,驯龙高手,https://img9.doubanio.com/view/photo/s_ratio_poster/public/p2210954024.jpg,129,8.8,700481,2010
https://movie.douban.com/subject/1292274/,幸福终点站,https://img1.doubanio.com/view/photo/s_ratio_poster/public/p854757687.jpg,128,8.8,519867,2004
https://movie.douban.com/subject/27010768/,寄生虫,https://img3.doubanio.com/view/photo/s_ratio_poster/public/p2561439800.jpg,135,8.8,1267213,2019
https://movie.douban.com/subject/1297052/,侧耳倾听,https://img2.doubanio.com/view/photo/s_ratio_poster/public/p456692072.jpg,126,8.9,425763,1995
https://movie.douban.com/subject/1297359/,幽灵公主,https://img9.doubanio.com/view/photo/s_ratio_poster/public/p1613191025.jpg,113,8.9,486347,1997
https://movie.douban.com/subject/10577869/,时空恋旅人,https://img9.doubanio.com/view/photo/s_ratio_poster/public/p2070153774.jpg,127,8.8,598393,2013
https://movie.douban.com/subject/1296339/,爱在黎明破晓前,https://img9.doubanio.com/view/photo/s_ratio_poster/public/p2555762374.jpg,109,8.8,612358,1995
https://movie.douban.com/subject/1291999/,重庆森林,https://img2.doubanio.com/view/photo/s_ratio_poster/public/p792381411.jpg,110,8.8,742939,1994
https://movie.douban.com/subject/3395373/,蝙蝠侠：黑暗骑士崛起,https://img9.doubanio.com/view/photo/s_ratio_poster/public/p1706428744.jpg,112,8.8,666780,2012
https://movie.douban.com/subject/1292215/,天使爱美丽,https://img2.doubanio.com/view/photo/s_ratio_poster/public/p2447590313.jpg,111,8.7,913610,2001
https://movie.douban.com/subject/1297630/,第六感,https://img9.doubanio.com/view/photo/s_ratio_poster/public/p2220184425.jpg,108,8.9,513025,1999
https://movie.douban.com/subject/2149806/,入殓师,https://img9.doubanio.com/view/photo/s_ratio_poster/public/p2707581855.jpg,105,8.9,615070,2008
https://movie.douban.com/subject/1292434/,一一,https://img2.doubanio.com/view/photo/s_ratio_poster/public/p2567845803.jpg,106,9.1,345525,2000
https://movie.douban.com/subject/1296996/,哈利·波特与密室,https://img3.doubanio.com/view/photo/s_ratio_poster/public/p1082651990.jpg,107,8.8,668787,2002
https://movie.douban.com/subject/1306249/,唐伯虎点秋香,https://img9.doubanio.com/view/photo/s_ratio_poster/public/p2357915564.jpg,104,8.7,986876,1993
https://movie.douban.com/subject/1294639/,勇敢的心,https://img1.doubanio.com/view/photo/s_ratio_poster/public/p2004174709.jpg,103,8.9,530822,1995
https://movie.douban.com/subject/1418834/,断背山,https://img1.doubanio.com/view/photo/s_ratio_poster/public/p2604889017.jpg,102,8.8,662952,2005
https://movie.douban.com/subject/1294371/,摩登时代,https://img1.doubanio.com/view/photo/s_ratio_poster/public/p2263408369.jpg,87,9.3,274273,1936
https://movie.douban.com/subject/1292223/,七宗罪,https://img9.doubanio.com/view/photo/s_ratio_poster/public/p2219586434.jpg,89,8.8,882711,1995
https://movie.douban.com/subject/1302425/,喜剧之王,https://img1.doubanio.com/view/photo/s_ratio_poster/public/p2579932167.jpg,88,8.8,891173,1999
https://movie.douban.com/subject/1292679/,春光乍泄,https://img2.doubanio.com/view/photo/s_ratio_poster/public/p465939041.jpg,86,9.0,581828,1997
https://movie.douban.com/subject/1292656/,心灵捕手,https://img9.doubanio.com/view/photo/s_ratio_poster/public/p480965695.jpg,84,8.9,654388,1997
https://movie.douban.com/subject/1291832/,低俗小说,https://img2.doubanio.com/view/photo/s_ratio_poster/public/p1910902213.jpg,85,8.9,768639,1994
https://movie.douban.com/subject/1292343/,蝴蝶效应,https://img1.doubanio.com/view/photo/s_ratio_poster/public/p2209066019.jpg,82,8.9,865168,2004
https://movie.douban.com/subject/1292262/,美国往事,https://img1.doubanio.com/view/photo/s_ratio_poster/public/p477229647.jpg,83,9.2,382217,1984
https://movie.douban.com/subject/11525673/,布达佩斯大饭店,https://img2.doubanio.com/view/photo/s_ratio_poster/public/p2178872593.jpg,81,8.9,846834,2014
https://movie.douban.com/subject/2334904/,禁闭岛,https://img1.doubanio.com/view/photo/s_ratio_poster/public/p450262388.jpg,80,8.9,892135,2010
https://movie.douban.com/subject/3442220/,海豚湾,https://img1.doubanio.com/view/photo/s_ratio_poster/public/p2559579779.jpg,79,9.3,339385,2009
https://movie.douban.com/subject/1293544/,沉默的羔羊,https://img1.doubanio.com/view/photo/s_ratio_poster/public/p1593414327.jpg,77,8.9,810974,1991
https://movie.douban.com/subject/1900841/,窃听风暴,https://img1.doubanio.com/view/photo/s_ratio_poster/public/p1808872109.jpg,65,9.2,521667,2006
https://movie.douban.com/subject/3011235/,哈利·波特与死亡圣器(下),https://img2.doubanio.com/view/photo/s_ratio_poster/public/p917846733.jpg,76,8.9,753107,2011
https://movie.douban.com/subject/1485260/,本杰明·巴顿奇事,https://img2.doubanio.com/view/photo/s_ratio_poster/public/p2192535722.jpg,64,9.0,912595,2008
https://movie.douban.com/subject/1292000/,搏击俱乐部,https://img1.doubanio.com/view/photo/s_ratio_poster/public/p1910926158.jpg,61,9.0,785402,1999
https://movie.douban.com/subject/1291818/,饮食男女,https://img2.doubanio.com/view/photo/s_ratio_poster/public/p1910899751.jpg,62,9.2,564825,1994
https://movie.douban.com/subject/1301753/,狮子王,https://img1.doubanio.com/view/photo/s_ratio_poster/public/p2277799019.jpg,60,9.1,770032,1994
https://movie.douban.com/subject/21937445/,辩护人,https://img9.doubanio.com/view/photo/s_ratio_poster/public/p2158166535.jpg,59,9.2,549735,2013
https://movie.douban.com/subject/1292370/,剪刀手爱德华,https://img1.doubanio.com/view/photo/s_ratio_poster/public/p480956937.jpg,101,8.7,978260,1990
https://movie.douban.com/subject/1780330/,致命魔术,https://img9.doubanio.com/view/photo/s_ratio_poster/public/p480383375.jpg,78,8.9,793030,2006
https://movie.douban.com/subject/1291548/,死亡诗社,https://img3.doubanio.com/view/photo/s_ratio_poster/public/p2575465690.jpg,56,9.1,653522,1989
https://movie.douban.com/subject/1291571/,指环王1：护戒使者,https://img9.doubanio.com/view/photo/s_ratio_poster/public/p2373910134.jpg,54,9.1,780641,2001
https://movie.douban.com/subject/27060077/,绿皮书,https://img2.doubanio.com/view/photo/s_ratio_poster/public/p2549177902.jpg,58,8.9,1494074,2018
https://movie.douban.com/subject/1418019/,大闹天宫,https://img1.doubanio.com/view/photo/s_ratio_poster/public/p2184505167.jpg,55,9.4,393419,1961
https://movie.douban.com/subject/1299131/,教父2,https://img1.doubanio.com/view/photo/s_ratio_poster/public/p2194138787.jpg,57,9.3,501643,1974
https://movie.douban.com/subject/1291843/,黑客帝国,https://img1.doubanio.com/view/photo/s_ratio_poster/public/p451926968.jpg,53,9.1,777251,1999
https://movie.douban.com/subject/1293839/,罗马假日,https://img9.doubanio.com/view/photo/s_ratio_poster/public/p2189265085.jpg,52,9.1,888289,1953
https://movie.douban.com/subject/1293182/,十二怒汉,https://img2.doubanio.com/view/photo/s_ratio_poster/public/p2173577632.jpg,39,9.4,442541,1957
https://movie.douban.com/subject/25958717/,海蒂和爷爷,https://img9.doubanio.com/view/photo/s_ratio_poster/public/p2554525534.jpg,51,9.3,510945,2015
https://movie.douban.com/subject/1308807/,哈尔的移动城堡,https://img3.doubanio.com/view/photo/s_ratio_poster/public/p2174346180.jpg,40,9.1,932413,2004
https://movie.douban.com/subject/26387939/,摔跤吧！爸爸,https://img1.doubanio.com/view/photo/s_ratio_poster/public/p2401676338.jpg,37,9.0,1458169,2016
https://movie.douban.com/subject/26752088/,我不是药神,https://img9.doubanio.com/view/photo/s_ratio_poster/public/p2561305376.jpg,36,9.0,1943906,2018
https://movie.douban.com/subject/1300267/,乱世佳人,https://img3.doubanio.com/view/photo/s_ratio_poster/public/p1963126880.jpg,33,9.3,638508,1939
https://movie.douban.com/subject/2129039/,飞屋环游记,https://img2.doubanio.com/view/photo/s_ratio_poster/public/p2363116942.jpg,35,9.1,1227327,2009
https://movie.douban.com/subject/1291552/,指环王3：王者无敌,https://img2.doubanio.com/view/photo/s_ratio_poster/public/p2642829472.jpg,32,9.3,739966,2003
https://movie.douban.com/subject/1295038/,哈利·波特与魔法石,https://img9.doubanio.com/view/photo/s_ratio_poster/public/p2614949805.jpg,31,9.2,1067289,2001
https://movie.douban.com/subject/1306029/,美丽心灵,https://img3.doubanio.com/view/photo/s_ratio_poster/public/p1665997400.jpg,63,9.1,711365,2001
https://movie.douban.com/subject/1292365/,活着,https://img1.doubanio.com/view/photo/s_ratio_poster/public/p2597919477.jpg,30,9.3,764920,1994
https://movie.douban.com/subject/1851857/,蝙蝠侠：黑暗骑士,https://img2.doubanio.com/view/photo/s_ratio_poster/public/p462657443.jpg,29,9.2,978351,2008
https://movie.douban.com/subject/20495023/,寻梦环游记,https://img9.doubanio.com/view/photo/s_ratio_poster/public/p2614500706.jpg,28,9.1,1515564,2017
https://movie.douban.com/subject/1291560/,龙猫,https://img9.doubanio.com/view/photo/s_ratio_poster/public/p2540924496.jpg,26,9.2,1172792,1988
https://movie.douban.com/subject/1293172/,末代皇帝,https://img2.doubanio.com/view/photo/s_ratio_poster/public/p452089833.jpg,27,9.3,794093,1987
https://movie.douban.com/subject/6874403/,再次出发之纽约遇见你,https://img2.doubanio.com/view/photo/s_ratio_poster/public/p2250287733.jpg,239,8.6,397961,2013
https://movie.douban.com/subject/2131459/,机器人总动员,https://img2.doubanio.com/view/photo/s_ratio_poster/public/p1461851991.jpg,15,9.3,1225979,2008
https://movie.douban.com/subject/21937452/,素媛,https://img9.doubanio.com/view/photo/s_ratio_poster/public/p2118532944.jpg,34,9.3,628731,2013
https://movie.douban.com/subject/3793023/,三傻大闹宝莱坞,https://img2.doubanio.com/view/photo/s_ratio_poster/public/p579729551.jpg,14,9.2,1734986,2009
https://movie.douban.com/subject/30170448/,何以为家,https://img1.doubanio.com/view/photo/s_ratio_poster/public/p2555295759.jpg,38,9.1,959015,2018
https://movie.douban.com/subject/1292001/,海上钢琴师,https://img9.doubanio.com/view/photo/s_ratio_poster/public/p2574551676.jpg,13,9.3,1558375,1998
